{"batch/loss": 1.7969284057617188, "batch/accuracy": 0.1875, "batch/batch_step": 0, "batch/learning_rate": 0.0010000000474974513, "_timestamp": 1691530915.7085052, "_runtime": 37.089415073394775, "_step": 0}