{"batch/loss": 8.934823989868164, "batch/accuracy": 0.265625, "batch/batch_step": 5, "batch/learning_rate": 0.009999999776482582, "_timestamp": 1691535212.891945, "_runtime": 2756.096123933792, "_step": 3, "epoch/loss": 9.37130355834961, "epoch/accuracy": 0.21875, "epoch/val_loss": 1.7917594909667969, "epoch/val_accuracy": 0.0972222238779068, "epoch/epoch": 1, "epoch/learning_rate": 0.009999999776482582}