{"batch/loss": 1.7805118560791016, "batch/accuracy": 0.1875, "batch/batch_step": 15, "batch/learning_rate": 0.0010000000474974513, "_timestamp": 1691625632.9048572, "_runtime": 4270.89475107193, "_step": 6, "epoch/loss": 1.7849748134613037, "epoch/accuracy": 0.1979166716337204, "epoch/val_loss": 1.7871613502502441, "epoch/val_accuracy": 0.2083333283662796, "epoch/lr": 0.0010000000474974513, "epoch/epoch": 2, "epoch/learning_rate": 0.0010000000474974513}