{"batch/loss": 1.7917594909667969, "batch/accuracy": 0.15625, "batch/batch_step": 105, "batch/learning_rate": 1.6000001323845936e-06, "_timestamp": 1691596702.4077942, "_runtime": 9263.898106336594, "_step": 43, "epoch/loss": 1.7917594909667969, "epoch/accuracy": 0.1840277761220932, "epoch/val_loss": 1.7917594909667969, "epoch/val_accuracy": 0.0972222238779068, "epoch/lr": 1.6000001323845936e-06, "epoch/epoch": 21, "epoch/learning_rate": 3.200000264769187e-07, "_wandb": {"runtime": 9267}}