{"batch/loss": 1.7941029071807861, "batch/accuracy": 0.1875, "batch/batch_step": 0, "batch/learning_rate": 0.0010000000474974513, "_timestamp": 1691531056.3124566, "_runtime": 66.38189768791199, "_step": 0}