{"batch/loss": NaN, "batch/accuracy": 0.125, "batch/batch_step": 0, "batch/learning_rate": 0.0010000000474974513, "_timestamp": 1691713936.819379, "_runtime": 129.5917031764984, "_step": 0}