{"batch/loss": 3.427367687225342, "batch/accuracy": 0.25, "batch/batch_step": 40, "batch/learning_rate": 0.0010000000474974513, "_timestamp": 1691560244.0423207, "_runtime": 2292.6870357990265, "_step": 17, "epoch/loss": 3.861178398132324, "epoch/accuracy": 0.2465277761220932, "epoch/val_loss": 5.1611738204956055, "epoch/val_accuracy": 0.2222222238779068, "epoch/epoch": 8, "epoch/learning_rate": 0.0010000000474974513, "_wandb": {"runtime": 2297}}