{"batch/loss": 1.2292753458023071, "batch/accuracy": 0.6458333134651184, "batch/batch_step": 285, "batch/learning_rate": 4.0000002627493814e-05, "_timestamp": 1691711594.071204, "_runtime": 37471.50686502457, "_step": 71, "epoch/loss": 1.2453147172927856, "epoch/accuracy": 0.5277777910232544, "epoch/val_loss": 1.7496956586837769, "epoch/val_accuracy": 0.25, "epoch/lr": 4.0000002627493814e-05, "epoch/epoch": 13, "epoch/learning_rate": 4.0000002627493814e-05}