{"batch/loss": 4.370848655700684, "batch/accuracy": 0.140625, "batch/batch_step": 10, "batch/learning_rate": 0.0010000000474974513, "_timestamp": 1691540314.2167473, "_runtime": 3837.795897245407, "_step": 4, "epoch/loss": 3.7463464736938477, "epoch/accuracy": 0.1979166716337204, "epoch/val_loss": 3.2733607292175293, "epoch/val_accuracy": 0.2083333283662796, "epoch/epoch": 1, "epoch/learning_rate": 0.0010000000474974513}