{"batch/loss": 1.797478199005127, "batch/accuracy": 0.09375, "batch/batch_step": 0, "batch/learning_rate": 0.0010000000474974513, "_timestamp": 1691621215.4065824, "_runtime": 66.16316533088684, "_step": 0}