{"batch/loss": 8.251371383666992, "batch/accuracy": 0.0, "batch/batch_step": 5, "batch/learning_rate": 0.0010000000474974513, "_timestamp": 1691586380.361632, "_runtime": 322.1623680591583, "_step": 2, "epoch/loss": 8.47197437286377, "epoch/accuracy": 0.0, "epoch/val_loss": 8.55419921875, "epoch/val_accuracy": 0.0, "epoch/lr": 0.0010000000474974513, "epoch/epoch": 0, "epoch/learning_rate": 0.0010000000474974513}