{"batch/loss": 8.189123153686523, "batch/accuracy": 0.234375, "batch/batch_step": 0, "batch/learning_rate": 0.0010000000474974513, "_timestamp": 1691544855.1857371, "_runtime": 66.50523018836975, "_step": 0}