{"batch/loss": NaN, "batch/accuracy": 0.1770833283662796, "batch/batch_step": 5, "batch/learning_rate": 0.0010000000474974513, "_timestamp": 1691714400.123862, "_runtime": 228.36996603012085, "_step": 1}