{"batch/loss": 1.6292768716812134, "batch/accuracy": 0.34375, "batch/batch_step": 45, "batch/learning_rate": 0.0010000000474974513, "_timestamp": 1691717744.2514565, "_runtime": 1874.6398243904114, "_step": 11, "epoch/loss": 1.7141369581222534, "epoch/accuracy": 0.2847222089767456, "epoch/val_loss": 1.7403768301010132, "epoch/val_accuracy": 0.1944444477558136, "epoch/lr": 0.0010000000474974513, "epoch/epoch": 1, "epoch/learning_rate": 0.0010000000474974513}