{"batch/loss": 3.83732533454895, "batch/accuracy": 0.15625, "batch/batch_step": 95, "batch/learning_rate": 0.0010000000474974513, "_timestamp": 1691557505.1422026, "_runtime": 6925.260283708572, "_step": 28, "epoch/loss": 3.4181830883026123, "epoch/accuracy": 0.1527777761220932, "epoch/val_loss": 4.598331928253174, "epoch/val_accuracy": 0.0972222238779068, "epoch/epoch": 8, "epoch/learning_rate": 0.0010000000474974513}