{"batch/loss": 1.7400928735733032, "batch/accuracy": 0.25, "batch/batch_step": 45, "batch/learning_rate": 0.0010000000474974513, "_timestamp": 1691641859.6480215, "_runtime": 1525.532992362976, "_step": 11, "epoch/loss": 1.7416162490844727, "epoch/accuracy": 0.2326388955116272, "epoch/val_loss": 1.7667951583862305, "epoch/val_accuracy": 0.3194444477558136, "epoch/lr": 0.0010000000474974513, "epoch/epoch": 1, "epoch/learning_rate": 0.0010000000474974513}