{"batch/loss": 2.9937796592712402, "batch/accuracy": 0.140625, "batch/batch_step": 10, "batch/learning_rate": 0.0010000000474974513, "_timestamp": 1691587144.2996073, "_runtime": 677.3535673618317, "_step": 4, "epoch/loss": 4.162384510040283, "epoch/accuracy": 0.1979166716337204, "epoch/val_loss": 3.176100254058838, "epoch/val_accuracy": 0.2083333283662796, "epoch/lr": 0.0010000000474974513, "epoch/epoch": 1, "epoch/learning_rate": 0.0010000000474974513}