{"batch/loss": 4.698939323425293, "batch/accuracy": 0.15625, "batch/batch_step": 25, "batch/learning_rate": 0.0010000000474974513, "_timestamp": 1691585942.2797165, "_runtime": 1749.4211585521698, "_step": 11, "epoch/loss": 5.041630268096924, "epoch/accuracy": 0.1597222238779068, "epoch/val_loss": 5.187163352966309, "epoch/val_accuracy": 0.2222222238779068, "epoch/lr": 0.0010000000474974513, "epoch/epoch": 5, "epoch/learning_rate": 0.0010000000474974513}