{"batch/loss": 1.3871958255767822, "batch/accuracy": 0.5, "batch/batch_step": 120, "batch/learning_rate": 0.00020000000949949026, "_timestamp": 1691649967.2810726, "_runtime": 7938.237590551376, "_step": 30, "epoch/loss": 1.2362442016601562, "epoch/accuracy": 0.5243055820465088, "epoch/val_loss": 1.8605817556381226, "epoch/val_accuracy": 0.2777777910232544, "epoch/lr": 0.0010000000474974513, "epoch/epoch": 5, "epoch/learning_rate": 0.00020000000949949026}