{"batch/loss": 1.92002272605896, "batch/accuracy": 0.125, "batch/batch_step": 0, "batch/learning_rate": 0.009999999776482582, "_timestamp": 1691809133.9995973, "_runtime": 209.34713220596313, "_step": 0}