{"batch/loss": 1.1820721626281738, "batch/accuracy": 0.5, "batch/batch_step": 135, "batch/learning_rate": 0.00020000000949949026, "_timestamp": 1691742751.4178112, "_runtime": 12035.703740119934, "_step": 33, "epoch/loss": 1.2028288841247559, "epoch/accuracy": 0.5069444179534912, "epoch/val_loss": 1.933809518814087, "epoch/val_accuracy": 0.1944444477558136, "epoch/lr": 0.00020000000949949026, "epoch/epoch": 5, "epoch/learning_rate": 0.00020000000949949026}