{"batch/loss": 1.6735889911651611, "batch/accuracy": 0.0625, "batch/batch_step": 0, "batch/learning_rate": 0.0010000000474974513, "_timestamp": 1691721571.1270838, "_runtime": 120.19820880889893, "_step": 0}