{"batch/loss": NaN, "batch/accuracy": 0.125, "batch/batch_step": 0, "batch/learning_rate": 0.0010000000474974513, "_timestamp": 1691714892.907358, "_runtime": 105.36441802978516, "_step": 0}