{"batch/loss": NaN, "batch/accuracy": 0.2291666716337204, "batch/batch_step": 5, "batch/learning_rate": 0.0010000000474974513, "_timestamp": 1691715289.855818, "_runtime": 252.9253749847412, "_step": 1}