{"batch/loss": 1.2969746589660645, "batch/accuracy": 0.5, "batch/batch_step": 140, "batch/learning_rate": 0.0010000000474974513, "_timestamp": 1691672938.0889065, "_runtime": 22257.000827550888, "_step": 35, "epoch/loss": 1.3010329008102417, "epoch/accuracy": 0.4895833432674408, "epoch/val_loss": 1.8567918539047241, "epoch/val_accuracy": 0.2361111044883728, "epoch/lr": 0.0010000000474974513, "epoch/epoch": 6, "epoch/learning_rate": 0.0010000000474974513}