{"batch/loss": 1.7974764108657837, "batch/accuracy": 0.203125, "batch/batch_step": 0, "batch/learning_rate": 0.0010000000474974513, "_timestamp": 1691532278.8330984, "_runtime": 62.804638385772705, "_step": 0}