{"batch/loss": 7.410524845123291, "batch/accuracy": 0.15625, "batch/batch_step": 0, "batch/learning_rate": 0.0010000000474974513, "_timestamp": 1691549684.6209872, "_runtime": 54.230518102645874, "_step": 0}