{"batch/loss": 1.0565879344940186, "batch/accuracy": 0.62890625, "batch/batch_step": 215, "batch/learning_rate": 4.0000002627493814e-05, "_timestamp": 1691803894.9445708, "_runtime": 60758.92526078224, "_step": 53, "epoch/loss": 1.0684962272644043, "epoch/accuracy": 0.6180555820465088, "epoch/val_loss": 1.6913892030715942, "epoch/val_accuracy": 0.2083333283662796, "epoch/lr": 0.00020000000949949026, "epoch/epoch": 9, "epoch/learning_rate": 4.0000002627493814e-05}