{"batch/loss": 1.330664873123169, "batch/accuracy": 0.4921875, "batch/batch_step": 175, "batch/learning_rate": 0.00020000000949949026, "_timestamp": 1691636966.4688938, "_runtime": 10862.811729669571, "_step": 44, "epoch/loss": 1.3050819635391235, "epoch/accuracy": 0.5034722089767456, "epoch/val_loss": 1.7987613677978516, "epoch/val_accuracy": 0.2916666567325592, "epoch/lr": 0.00020000000949949026, "epoch/epoch": 8, "epoch/learning_rate": 4.0000002627493814e-05, "_wandb": {"runtime": 10874}}