{"batch/loss": 1.816692590713501, "batch/accuracy": 0.140625, "batch/batch_step": 0, "batch/learning_rate": 0.0010000000474974513, "_timestamp": 1691532140.4881027, "_runtime": 67.30563759803772, "_step": 0}