{"batch/loss": 1.7867929935455322, "batch/accuracy": 0.125, "batch/batch_step": 20, "batch/learning_rate": 0.0010000000474974513, "_timestamp": 1691712931.8377094, "_runtime": 600.2166123390198, "_step": 5, "epoch/loss": 1.7931058406829834, "epoch/accuracy": 0.21875, "epoch/val_loss": 1.7772701978683472, "epoch/val_accuracy": 0.1388888955116272, "epoch/lr": 0.0010000000474974513, "epoch/epoch": 0, "epoch/learning_rate": 0.0010000000474974513}