{"batch/loss": 1.7746368646621704, "batch/accuracy": 0.1770833283662796, "batch/batch_step": 25, "batch/learning_rate": 0.0010000000474974513, "_timestamp": 1691730473.5596986, "_runtime": 1353.3512544631958, "_step": 6, "epoch/loss": 1.801939606666565, "epoch/accuracy": 0.1319444477558136, "epoch/val_loss": 1.8020358085632324, "epoch/val_accuracy": 0.1805555522441864, "epoch/lr": 0.0010000000474974513, "epoch/epoch": 0, "epoch/learning_rate": 0.0010000000474974513}